{
  "model": "google/gemma-3-27b-it",
  "model_info": {
    "n_layers": 62,
    "head_dim": 128,
    "n_heads": 32,
    "n_kv_heads": 16,
    "hidden_size": 5376,
    "max_position_embeddings": 131072
  },
  "budget": 4.0,
  "n_samples": 16,
  "max_seq_len": 2048,
  "sensitivity": {
    "0": {
      "key": {
        "2": 193.032958984375,
        "3": 56.20161056518555,
        "4": 15.159112930297852,
        "6": 1.3302273750305176,
        "8": 0.10242076218128204
      },
      "value": {
        "2": 126.82194519042969,
        "3": 36.38774871826172,
        "4": 9.48618221282959,
        "6": 0.8247068524360657,
        "8": 0.06456612795591354
      }
    },
    "1": {
      "key": {
        "2": 43.95026397705078,
        "3": 12.967179298400879,
        "4": 3.548119306564331,
        "6": 0.31113770604133606,
        "8": 0.02441234514117241
      },
      "value": {
        "2": 20.770116806030273,
        "3": 6.2051215171813965,
        "4": 1.7106870412826538,
        "6": 0.13332274556159973,
        "8": 0.009751906618475914
      }
    },
    "2": {
      "key": {
        "2": 3.9002161026000977,
        "3": 1.1712169647216797,
        "4": 0.3237708508968353,
        "6": 0.025931907817721367,
        "8": 0.0020699347369372845
      },
      "value": {
        "2": 1.2578659057617188,
        "3": 0.3608488440513611,
        "4": 0.09782545268535614,
        "6": 0.008291303180158138,
        "8": 0.0006825290620326996
      }
    },
    "3": {
      "key": {
        "2": 31.433391571044922,
        "3": 8.93667984008789,
        "4": 2.49276065826416,
        "6": 0.21818092465400696,
        "8": 0.016889747232198715
      },
      "value": {
        "2": 6.752199649810791,
        "3": 2.10373854637146,
        "4": 0.5646985769271851,
        "6": 0.04758184403181076,
        "8": 0.003801473416388035
      }
    },
    "4": {
      "key": {
        "2": 37.817481994628906,
        "3": 11.0424222946167,
        "4": 3.0696167945861816,
        "6": 0.27653768658638,
        "8": 0.021281493827700615
      },
      "value": {
        "2": 12.17254638671875,
        "3": 3.7224831581115723,
        "4": 1.1098264455795288,
        "6": 0.08533064275979996,
        "8": 0.006420330610126257
      }
    },
    "5": {
      "key": {
        "2": 5.276593208312988,
        "3": 1.5517851114273071,
        "4": 0.43486154079437256,
        "6": 0.03391115367412567,
        "8": 0.002690918045118451
      },
      "value": {
        "2": 2.189793825149536,
        "3": 0.6495722532272339,
        "4": 0.17909756302833557,
        "6": 0.0153810428455472,
        "8": 0.0011981060961261392
      }
    },
    "6": {
      "key": {
        "2": 2.7841837406158447,
        "3": 0.8093962669372559,
        "4": 0.21487993001937866,
        "6": 0.018238069489598274,
        "8": 0.0014337474713101983
      },
      "value": {
        "2": 1.2309645414352417,
        "3": 0.3723982572555542,
        "4": 0.09994443506002426,
        "6": 0.007945522665977478,
        "8": 0.000637122371699661
      }
    },
    "7": {
      "key": {
        "2": 5.30991792678833,
        "3": 1.5672998428344727,
        "4": 0.4198591411113739,
        "6": 0.03692670166492462,
        "8": 0.0028885051142424345
      },
      "value": {
        "2": 2.202589511871338,
        "3": 0.6332516670227051,
        "4": 0.1713699847459793,
        "6": 0.014710097573697567,
        "8": 0.001189724775031209
      }
    },
    "8": {
      "key": {
        "2": 7.657491207122803,
        "3": 2.2279787063598633,
        "4": 0.6028211116790771,
        "6": 0.049440525472164154,
        "8": 0.003995627164840698
      },
      "value": {
        "2": 4.747411251068115,
        "3": 1.468372106552124,
        "4": 0.3887957036495209,
        "6": 0.03272769972681999,
        "8": 0.002618097234517336
      }
    }
  },
  "allocation": {
    "8": [
      4,
      3
    ],
    "7": [
      4,
      3
    ],
    "6": [
      3,
      2
    ],
    "5": [
      3,
      3
    ],
    "4": [
      6,
      4
    ],
    "3": [
      6,
      4
    ],
    "2": [
      3,
      2
    ],
    "1": [
      6,
      4
    ],
    "0": [
      6,
      6
    ]
  },
  "timestamp": "2026-04-10T14:09:53Z"
}