{
  "model": "meta-llama/Llama-3.1-8B-Instruct",
  "model_info": {
    "n_layers": 32,
    "head_dim": 128,
    "n_heads": 32,
    "n_kv_heads": 8,
    "hidden_size": 4096,
    "max_position_embeddings": 131072
  },
  "budget": 4.0,
  "n_samples": 16,
  "max_seq_len": 512,
  "sensitivity": {
    "0": {
      "key": {
        "2": 0.1415880024433136,
        "3": 0.041448939591646194,
        "4": 0.011341111734509468,
        "6": 0.0009521034662611783,
        "8": 7.566664862679318e-05
      },
      "value": {
        "2": 8.954877557698637e-05,
        "3": 2.636160388647113e-05,
        "4": 7.218609425763134e-06,
        "6": 6.024437766427582e-07,
        "8": 4.776107331849744e-08
      }
    },
    "1": {
      "key": {
        "2": 0.6173971891403198,
        "3": 0.181497722864151,
        "4": 0.050323113799095154,
        "6": 0.004145696759223938,
        "8": 0.0003284636768512428
      },
      "value": {
        "2": 0.0005386993871070445,
        "3": 0.00015317481302190572,
        "4": 4.441557757672854e-05,
        "6": 3.691784286274924e-06,
        "8": 2.945133132925548e-07
      }
    },
    "2": {
      "key": {
        "2": 0.37724652886390686,
        "3": 0.10981859266757965,
        "4": 0.03012865036725998,
        "6": 0.0025361403822898865,
        "8": 0.00020150926138740033
      },
      "value": {
        "2": 0.0025817216373980045,
        "3": 0.0007566529675386846,
        "4": 0.00020717385632451624,
        "6": 1.7621265214984305e-05,
        "8": 1.4043337159819202e-06
      }
    },
    "3": {
      "key": {
        "2": 0.40374791622161865,
        "3": 0.1191728413105011,
        "4": 0.03272053226828575,
        "6": 0.002670826856046915,
        "8": 0.00021131221728865057
      },
      "value": {
        "2": 0.0038157799281179905,
        "3": 0.0011268708622083068,
        "4": 0.0003057291323784739,
        "6": 2.5396297132829204e-05,
        "8": 2.0150055206613615e-06
      }
    },
    "4": {
      "key": {
        "2": 0.38438084721565247,
        "3": 0.11210986971855164,
        "4": 0.030727490782737732,
        "6": 0.002568197436630726,
        "8": 0.00020381902868393809
      },
      "value": {
        "2": 0.004613198339939117,
        "3": 0.001363899209536612,
        "4": 0.00036859328974969685,
        "6": 3.082516195718199e-05,
        "8": 2.447379074510536e-06
      }
    },
    "5": {
      "key": {
        "2": 0.3709137439727783,
        "3": 0.10801377147436142,
        "4": 0.029622996225953102,
        "6": 0.0024912338703870773,
        "8": 0.00019784297910518944
      },
      "value": {
        "2": 0.005141971167176962,
        "3": 0.001513571827672422,
        "4": 0.0004123882681597024,
        "6": 3.449009818723425e-05,
        "8": 2.7307410164212342e-06
      }
    },
    "6": {
      "key": {
        "2": 0.42531564831733704,
        "3": 0.12670989334583282,
        "4": 0.03497449308633804,
        "6": 0.002796621760353446,
        "8": 0.00022142744273878634
      },
      "value": {
        "2": 0.005157420877367258,
        "3": 0.0015062466263771057,
        "4": 0.00040995012386702,
        "6": 3.436218685237691e-05,
        "8": 2.724836349443649e-06
      }
    },
    "7": {
      "key": {
        "2": 0.42748868465423584,
        "3": 0.12576866149902344,
        "4": 0.034458521753549576,
        "6": 0.002857787534594536,
        "8": 0.0002271047851536423
      },
      "value": {
        "2": 0.006073683500289917,
        "3": 0.0017762633506208658,
        "4": 0.00048510910710319877,
        "6": 4.0472954424330965e-05,
        "8": 3.2100454063765937e-06
      }
    },
    "8": {
      "key": {
        "2": 0.3832618296146393,
        "3": 0.11212418228387833,
        "4": 0.030700314790010452,
        "6": 0.002561802975833416,
        "8": 0.00020346920064184815
      },
      "value": {
        "2": 0.007126973941922188,
        "3": 0.0021025892347097397,
        "4": 0.0005716567393392324,
        "6": 4.721855657408014e-05,
        "8": 3.7428587802423863e-06
      }
    },
    "9": {
      "key": {
        "2": 0.3487088680267334,
        "3": 0.10173248499631882,
        "4": 0.027955418452620506,
        "6": 0.0023402278311550617,
        "8": 0.00018607263336889446
      },
      "value": {
        "2": 0.009820638224482536,
        "3": 0.002875295467674732,
        "4": 0.0007867153617553413,
        "6": 6.605298403883353e-05,
        "8": 5.246927685220726e-06
      }
    },
    "10": {
      "key": {
        "2": 0.38271570205688477,
        "3": 0.11119267344474792,
        "4": 0.03040764108300209,
        "6": 0.00255174795165658,
        "8": 0.00020252140529919416
      },
      "value": {
        "2": 0.008342960849404335,
        "3": 0.00240893242880702,
        "4": 0.0006631126161664724,
        "6": 5.528025940293446e-05,
        "8": 4.39066707258462e-06
      }
    },
    "11": {
      "key": {
        "2": 0.3486349582672119,
        "3": 0.10197429358959198,
        "4": 0.027898212894797325,
        "6": 0.002331486903131008,
        "8": 0.00018496265693102032
      },
      "value": {
        "2": 0.009000621736049652,
        "3": 0.0026225883048027754,
        "4": 0.0007186477887444198,
        "6": 6.0433427279349416e-05,
        "8": 4.796744178747758e-06
      }
    },
    "12": {
      "key": {
        "2": 0.3803959786891937,
        "3": 0.1108517125248909,
        "4": 0.030304864048957825,
        "6": 0.0025599650107324123,
        "8": 0.00020343558571767062
      },
      "value": {
        "2": 0.007777866441756487,
        "3": 0.0022871100809425116,
        "4": 0.0006274085026234388,
        "6": 5.279650940792635e-05,
        "8": 4.1805610635492485e-06
      }
    },
    "13": {
      "key": {
        "2": 0.3777860105037689,
        "3": 0.11070701479911804,
        "4": 0.03035275824368,
        "6": 0.002529609017074108,
        "8": 0.00020083111303392798
      },
      "value": {
        "2": 0.00925093051046133,
        "3": 0.0027157024014741182,
        "4": 0.0007412917912006378,
        "6": 6.174285226734355e-05,
        "8": 4.897394319414161e-06
      }
    },
    "14": {
      "key": {
        "2": 0.43848916888237,
        "3": 0.1286187320947647,
        "4": 0.03512626513838768,
        "6": 0.002914919052273035,
        "8": 0.000231041107326746
      },
      "value": {
        "2": 0.009584679268300533,
        "3": 0.002834345679730177,
        "4": 0.000786502962000668,
        "6": 6.4398322138004e-05,
        "8": 5.101281203678809e-06
      }
    },
    "15": {
      "key": {
        "2": 0.3851606845855713,
        "3": 0.11291557550430298,
        "4": 0.03123147413134575,
        "6": 0.002593578305095434,
        "8": 0.0002063601859845221
      },
      "value": {
        "2": 0.009533580392599106,
        "3": 0.002850890625268221,
        "4": 0.0007910265703685582,
        "6": 6.306978320935741e-05,
        "8": 4.987904503650498e-06
      }
    },
    "16": {
      "key": {
        "2": 0.4207187592983246,
        "3": 0.12230374664068222,
        "4": 0.033380165696144104,
        "6": 0.0028228759765625,
        "8": 0.00022408610675483942
      },
      "value": {
        "2": 0.00938863679766655,
        "3": 0.002748953178524971,
        "4": 0.0007574441842734814,
        "6": 6.2175327911973e-05,
        "8": 4.921679192193551e-06
      }
    },
    "17": {
      "key": {
        "2": 0.36077582836151123,
        "3": 0.10556849092245102,
        "4": 0.028929058462381363,
        "6": 0.0024223518557846546,
        "8": 0.0001922037627082318
      },
      "value": {
        "2": 0.008579525165259838,
        "3": 0.0025018141604959965,
        "4": 0.0006880243308842182,
        "6": 5.772204167442396e-05,
        "8": 4.582271685649175e-06
      }
    },
    "18": {
      "key": {
        "2": 0.3889320492744446,
        "3": 0.11339310556650162,
        "4": 0.03109702654182911,
        "6": 0.002598307328298688,