{
  "model": "mistralai/Mistral-7B-Instruct-v0.3",
  "model_info": {
    "n_layers": 32,
    "head_dim": 128,
    "n_heads": 32,
    "n_kv_heads": 8,
    "hidden_size": 4096,
    "max_position_embeddings": 32768
  },
  "budget": 4.0,
  "n_samples": 16,
  "max_seq_len": 512,
  "sensitivity": {
    "0": {
      "key": {
        "2": 0.11187534034252167,
        "3": 0.03281957656145096,
        "4": 0.008959362283349037,
        "6": 0.0007557581411674619,
        "8": 6.00815583311487e-05
      },
      "value": {
        "2": 4.613704004441388e-05,
        "3": 1.3199432942201383e-05,
        "4": 3.6426001770450966e-06,
        "6": 3.0430118158619734e-07,
        "8": 2.4431415113213006e-08
      }
    },
    "1": {
      "key": {
        "2": 0.4366915822029114,
        "3": 0.1278221607208252,
        "4": 0.035234369337558746,
        "6": 0.0029549894388765097,
        "8": 0.00023475298075936735
      },
      "value": {
        "2": 0.00044570514000952244,
        "3": 0.0001316814887104556,
        "4": 3.606102109188214e-05,
        "6": 3.038670911337249e-06,
        "8": 2.4118963892760803e-07
      }
    },
    "2": {
      "key": {
        "2": 0.25777772068977356,
        "3": 0.07498648762702942,
        "4": 0.020533746108412743,
        "6": 0.001733454642817378,
        "8": 0.0001376488944515586
      },
      "value": {
        "2": 0.0036244592629373074,
        "3": 0.0010683577274903655,
        "4": 0.0002932355855591595,
        "6": 2.4657772883074358e-05,
        "8": 1.9505196178215556e-06
      }
    },
    "3": {
      "key": {
        "2": 0.34014561772346497,
        "3": 0.09956163913011551,
        "4": 0.027218392118811607,
        "6": 0.002256695181131363,
        "8": 0.00017900217790156603
      },
      "value": {
        "2": 0.003445013426244259,
        "3": 0.0009900381555780768,
        "4": 0.0002724131918512285,
        "6": 2.3262668037205003e-05,
        "8": 1.8533357888372848e-06
      }
    },
    "4": {
      "key": {
        "2": 0.2590697407722473,
        "3": 0.07605919241905212,
        "4": 0.02093941904604435,
        "6": 0.0017731009284034371,
        "8": 0.0001411318517057225
      },
      "value": {
        "2": 0.005282570607960224,
        "3": 0.0015579864848405123,
        "4": 0.00042361734085716307,
        "6": 3.5819801269099116e-05,
        "8": 2.846696588676423e-06
      }
    },
    "5": {
      "key": {
        "2": 0.28102898597717285,
        "3": 0.08241148293018341,
        "4": 0.022612957283854485,
        "6": 0.001885619480162859,
        "8": 0.0001497374614700675
      },
      "value": {
        "2": 0.005318270996212959,
        "3": 0.0015666619874536991,
        "4": 0.0004317838465794921,
        "6": 3.585945160011761e-05,
        "8": 2.847545601980528e-06
      }
    },
    "6": {
      "key": {
        "2": 0.2895289659500122,
        "3": 0.0847410336136818,
        "4": 0.02328210324048996,
        "6": 0.0019508458208292723,
        "8": 0.00015500944573432207
      },
      "value": {
        "2": 0.0060820383951067924,
        "3": 0.0017644558101892471,
        "4": 0.0004811460094060749,
        "6": 4.069037095177919e-05,
        "8": 3.2301832106895745e-06
      }
    },
    "7": {
      "key": {
        "2": 0.30427998304367065,
        "3": 0.08908174186944962,
        "4": 0.024371910840272903,
        "6": 0.0020290936809033155,
        "8": 0.0001610435137990862
      },
      "value": {
        "2": 0.006299925036728382,
        "3": 0.0018408908508718014,
        "4": 0.0005056062364019454,
        "6": 4.263016671757214e-05,
        "8": 3.3921121485036565e-06
      }
    },
    "8": {
      "key": {
        "2": 0.30214110016822815,
        "3": 0.08827832341194153,
        "4": 0.02412046678364277,
        "6": 0.002020171843469143,
        "8": 0.0001604564458830282
      },
      "value": {
        "2": 0.00883768405765295,
        "3": 0.0025985189713537693,
        "4": 0.0007140112575143576,
        "6": 5.8577206800691783e-05,
        "8": 4.641198756871745e-06
      }
    },
    "9": {
      "key": {
        "2": 0.25303295254707336,
        "3": 0.07443750649690628,
        "4": 0.02047036960721016,
        "6": 0.0016914453590288758,
        "8": 0.00013424090866465122
      },
      "value": {
        "2": 0.009310305118560791,
        "3": 0.002740626921877265,
        "4": 0.0007488980772905052,
        "6": 6.297826621448621e-05,
        "8": 5.002694251743378e-06
      }
    },
    "10": {
      "key": {
        "2": 0.30628377199172974,
        "3": 0.08972302824258804,
        "4": 0.024623285979032516,
        "6": 0.002048542955890298,
        "8": 0.00016242526180576533
      },
      "value": {
        "2": 0.0092849712818861,
        "3": 0.0026959222741425037,
        "4": 0.0007407352677546442,
        "6": 6.154113361844793e-05,
        "8": 4.8764331950224005e-06
      }
    },
    "11": {
      "key": {
        "2": 0.2913808226585388,
        "3": 0.08529014885425568,
        "4": 0.0234773438423872,
        "6": 0.001942379865795374,
        "8": 0.00015403673751279712
      },
      "value": {
        "2": 0.01287591177970171,
        "3": 0.0037581664510071278,
        "4": 0.0010065584210678935,
        "6": 8.476508082821965e-05,
        "8": 6.7115856836608145e-06
      }
    },
    "12": {
      "key": {
        "2": 0.30403053760528564,
        "3": 0.08903269469738007,
        "4": 0.02439732849597931,
        "6": 0.0020284648053348064,
        "8": 0.0001608501625014469
      },
      "value": {
        "2": 0.01335083693265915,
        "3": 0.003857820760458708,
        "4": 0.0010642443085089326,
        "6": 8.949285256676376e-05,
        "8": 7.09808045940008e-06
      }
    },
    "13": {
      "key": {
        "2": 0.3279907703399658,
        "3": 0.09601297974586487,
        "4": 0.026430757716298103,
        "6": 0.002205377910286188,
        "8": 0.00017509532335679978
      },
      "value": {
        "2": 0.011868916451931,
        "3": 0.00346936471760273,
        "4": 0.0009594733128324151,
        "6": 8.005433483049273e-05,
        "8": 6.356187441269867e-06
      }
    },
    "14": {
      "key": {
        "2": 0.27345168590545654,
        "3": 0.08012408018112183,
        "4": 0.021965377032756805,
        "6": 0.0018416233360767365,
        "8": 0.0001463022199459374
      },
      "value": {
        "2": 0.019638415426015854,
        "3": 0.005779391620308161,
        "4": 0.0015744888223707676,
        "6": 0.00013115027104504406,
        "8": 1.0395374374638777e-05
      }
    },
    "15": {
      "key": {
        "2": 0.3068515956401825,
        "3": 0.08950260281562805,
        "4": 0.024506179615855217,
        "6": 0.0020545825827866793,
        "8": 0.00016290054190903902
      },
      "value": {
        "2": 0.019728323444724083,
        "3": 0.005752315744757652,
        "4": 0.001575833884999156,
        "6": 0.00013026157103013247,
        "8": 1.0321426998416428e-05
      }
    },
    "16": {
      "key": {
        "2": 0.3070991039276123,
        "3": 0.09016245603561401,
        "4": 0.024772536009550095,
        "6": 0.0020462009124457836,
        "8": 0.00016227387823164463
      },
      "value": {
        "2": 0.017076078802347183,
        "3": 0.004966361913830042,
        "4": 0.0013713848311454058,
        "6": 0.00011432406608946621,
        "8": 9.077496542886365e-06
      }
    },
    "17": {
      "key": {
        "2": 0.3551439940929413,
        "3": 0.10444091260433197,
        "4": 0.02876592054963112,
        "6": 0.002333685290068388,
        "8": 0.00018508978246245533
      },
      "value": {
        "2": 0.022938787937164307,
        "3": 0.006631674710661173,
        "4": 0.00183736567851156,
        "6": 0.00015077083662617952,
        "8": 1.1975151210208423e-05
      }
    },
    "18": {
      "key": {
        "2": 0.30040329694747925,
        "3": 0.08762481808662415,
        "4": 0.02395201474428177,
        "6": 0.0020138516556471586,