{
  "model": "mistralai/Mistral-7B-Instruct-v0.3",
  "model_info": {
    "n_layers": 32,
    "head_dim": 128,
    "n_heads": 32,
    "n_kv_heads": 8,
    "hidden_size": 4096,
    "max_position_embeddings": 32768
  },
  "budget": 4.0,
  "n_samples": 16,
  "max_seq_len": 512,
  "sensitivity": {
    "0": {
      "2": 0.11192147738256608,
      "3": 0.03283277599439316,
      "4": 0.008963004883526082,
      "6": 0.0007560624423490481,
      "8": 6.010598974626191e-05
    },
    "1": {
      "2": 0.4371372873429209,
      "3": 0.12795384220953565,
      "4": 0.03527043035865063,
      "6": 0.002958028109787847,
      "8": 0.00023499417039829495
    },
    "2": {
      "2": 0.26140217995271087,
      "3": 0.07605484535451978,
      "4": 0.020826981693971902,
      "6": 0.0017581124157004524,
      "8": 0.00013959941406938015
    },
    "3": {
      "2": 0.3435906311497092,
      "3": 0.10055167728569359,
      "4": 0.027490805310662836,
      "6": 0.002279957849168568,
      "8": 0.0001808555136904033
    },
    "4": {
      "2": 0.26435231138020754,
      "3": 0.07761717890389264,
      "4": 0.021363036386901513,
      "6": 0.0018089207296725363,
      "8": 0.00014397854829439893
    },
    "5": {
      "2": 0.2863472569733858,
      "3": 0.08397814491763711,
      "4": 0.023044741130433977,
      "6": 0.0019214789317629766,
      "8": 0.00015258500707204803
    },
    "6": {
      "2": 0.295611004345119,
      "3": 0.08650548942387104,
      "4": 0.023763249249896035,
      "6": 0.0019915361917810515,
      "8": 0.00015823962894501165
    },
    "7": {
      "2": 0.31057990808039904,
      "3": 0.09092263272032142,
      "4": 0.02487751707667485,
      "6": 0.0020717238476208877,
      "8": 0.00016443562594758987
    },
    "8": {
      "2": 0.3109787842258811,
      "3": 0.0908768423832953,
      "4": 0.024834478041157126,
      "6": 0.0020787490502698347,
      "8": 0.00016509764463989995
    },
    "9": {
      "2": 0.26234325766563416,
      "3": 0.07717813341878355,
      "4": 0.021219267684500664,
      "6": 0.001754423625243362,
      "8": 0.0001392436029163946
    },
    "10": {
      "2": 0.31556874327361584,
      "3": 0.09241895051673055,
      "4": 0.02536402124678716,
      "6": 0.002110084089508746,
      "8": 0.00016730169500078773
    },
    "11": {
      "2": 0.30425673443824053,
      "3": 0.0890483153052628,
      "4": 0.024483902263455093,
      "6": 0.0020271449466235936,
      "8": 0.00016074832319645793
    },
    "12": {
      "2": 0.3173813745379448,
      "3": 0.09289051545783877,
      "4": 0.02546157280448824,
      "6": 0.00211795765790157,
      "8": 0.00016794824296084698
    },
    "13": {
      "2": 0.3398596867918968,
      "3": 0.0994823444634676,
      "4": 0.02739023102913052,
      "6": 0.002285432245116681,
      "8": 0.00018145151079806965
    },
    "14": {
      "2": 0.2930901013314724,
      "3": 0.08590347180142999,
      "4": 0.023539865855127573,
      "6": 0.0019727736071217805,
      "8": 0.00015669759432057617
    },
    "15": {
      "2": 0.3265799190849066,
      "3": 0.0952549185603857,
      "4": 0.026082013500854373,
      "6": 0.0021848441538168117,
      "8": 0.00017322196890745545
    },
    "16": {
      "2": 0.3241751827299595,
      "3": 0.09512881794944406,
      "4": 0.0261439208406955,
      "6": 0.00216052497853525,
      "8": 0.000171351374774531
    },
    "17": {
      "2": 0.3780827820301056,
      "3": 0.11107258731499314,
      "4": 0.03060328622814268,
      "6": 0.0024844561266945675,
      "8": 0.00019706493367266376
    },
    "18": {
      "2": 0.32669728621840477,
      "3": 0.0953595140017569,
      "4": 0.025993386283516884,
      "6": 0.002182619384257123,
      "8": 0.0001731717202346772
    },
    "19": {
      "2": 0.34694087505340576,
      "3": 0.10193185694515705,
      "4": 0.027930118143558502,
      "6": 0.0023263354232767597,
      "8": 0.0001845163515099557
    },
    "20": {
      "2": 0.3517686501145363,
      "3": 0.10316160414367914,
      "4": 0.028304373379796743,
      "6": 0.0023652337404200807,
      "8": 0.00018800889665726572
    },
    "21": {
      "2": 0.3625411316752434,
      "3": 0.1061922125518322,
      "4": 0.029084533918648958,
      "6": 0.0024277139164041728,
      "8": 0.00019272686768090352
    },
    "22": {
      "2": 0.31356678903102875,
      "3": 0.09128034953027964,
      "4": 0.024899706477299333,
      "6": 0.002117868309142068,
      "8": 0.00016820978635223582
    },
    "23": {
      "2": 0.34553390368819237,
      "3": 0.10033298563212156,
      "4": 0.02742106281220913,
      "6": 0.0023295034479815513,
      "8": 0.00018506138803786598
    },
    "24": {
      "2": 0.3246414251625538,
      "3": 0.094615344889462,
      "4": 0.025929682422429323,
      "6": 0.002167901664506644,
      "8": 0.00017180256145366002
    },
    "25": {
      "2": 0.3226216323673725,
      "3": 0.09464081190526485,
      "4": 0.025978591293096542,
      "6": 0.002144319092622027,
      "8": 0.00017004952860588674
    },
    "26": {
      "2": 0.31657111272215843,
      "3": 0.09277649968862534,
      "4": 0.025484323035925627,
      "6": 0.0021412888600025326,
      "8": 0.00017031889365171082
    },
    "27": {
      "2": 0.33488649129867554,
      "3": 0.09822716005146503,
      "4": 0.027053355239331722,
      "6": 0.0022526452667079866,
      "8": 0.0001789410089259036
    },
    "28": {
      "2": 0.3527838736772537,
      "3": 0.10364851728081703,
      "4": 0.028681708499789238,
      "6": 0.0023516411893069744,
      "8": 0.00018658088811207563
    },
    "29": {
      "2": 0.40797027200460434,
      "3": 0.11931269615888596,
      "4": 0.0324567211791873,
      "6": 0.002720737364143133,
      "8": 0.0002158730239898432
    },
    "30": {
      "2": 0.3868110179901123,
      "3": 0.11327352374792099,
      "4": 0.03110307641327381,
      "6": 0.002598183404188603,
      "8": 0.00020632466475944966
    },
    "31": {
      "2": 0.39146628975868225,
      "3": 0.11428989097476006,
      "4": 0.031156402081251144,
      "6": 0.0026095433277077973,
      "8": 0.00020701043831650168
    }
  },
  "allocation": {
    "31": [
      4,
      4
    ],
    "30": [
      4,
      4
    ],
    "29": [
      4,
      4
    ],
    "28": [
      4,
      4
    ],
    "27": [
      4,
      4
    ],
    "26": [
      4,
      4
    ],
    "25": [
      4,
      4
    ],
    "24": [
      4,
      4
    ],
    "23": [
      4,
      4
    ],
    "22": [
      4,
      4
    ],
    "21": [
      4,
      4
    ],
    "20": [
      4,
      4
    ],
    "19": [
      4,
      4
    ],
    "18": [
      4,
      4
    ],
    "17": [
      4,
      4
    ],
    "16": [
      4,
      4
    ],
    "15": [
      4,
      4
    ],
    "14": [
      4,
      4
    ],
    "13": [
      4,
      4
    ],
    "12": [
      4,
      4
    ],
    "11": [
      4,
      4
    ],
    "10": [
      4,
      4
    ],
    "9": [
      4,
      4
    ],
    "8": [
      4,
      4
    ],
    "7": [
      4,
      4
    ],
    "6": [
      4,
      4
    ],
    "5": [
      4,
      4
    ],
    "4": [
      4,
      4
    ],
    "3": [
      4,
      4
    ],
    "2": [
      4,
      4
    ],
    "1": [
      4,
      4
    ],
    "0": [
      4,
      4
    ]
  },
  "timestamp": "2026-04-07T00:18:54Z"
}