{
  "model": "Qwen/Qwen2.5-3B-Instruct",
  "model_info": {
    "n_layers": 36,
    "head_dim": 128,
    "n_heads": 16,
    "n_kv_heads": 2,
    "hidden_size": 2048,
    "max_position_embeddings": 32768
  },
  "budget": 2.5,
  "n_samples": 16,
  "max_seq_len": 512,
  "sensitivity": {
    "0": {
      "key": {
        "2": 27.63245964050293,
        "3": 7.379319190979004,
        "4": 1.9780946969985962,
        "6": 0.18147405982017517,
        "8": 0.014405958354473114
      },
      "value": {
        "2": 0.00830702856183052,
        "3": 0.0024749969597905874,
        "4": 0.0006891705561429262,
        "6": 5.821039667353034e-05,
        "8": 4.677151082432829e-06
      }
    },
    "1": {
      "key": {
        "2": 2.518108367919922,
        "3": 0.7855532169342041,
        "4": 0.2195373773574829,
        "6": 0.016689343377947807,
        "8": 0.0013269695919007063
      },
      "value": {
        "2": 0.0051727257668972015,
        "3": 0.0015170605620369315,
        "4": 0.0004179138923063874,
        "6": 3.5334680433152243e-05,
        "8": 2.8139152163930703e-06
      }
    },
    "2": {
      "key": {
        "2": 1.0996863842010498,
        "3": 0.32083019614219666,
        "4": 0.08694079518318176,
        "6": 0.007312249857932329,
        "8": 0.000579263549298048
      },
      "value": {
        "2": 0.005785394925624132,
        "3": 0.001690551987849176,
        "4": 0.0004632265481632203,
        "6": 3.868201019940898e-05,
        "8": 3.069982767556212e-06
      }
    },
    "3": {
      "key": {
        "2": 0.3039690852165222,
        "3": 0.08896423131227493,
        "4": 0.024226780980825424,
        "6": 0.002005581511184573,
        "8": 0.0001587592123541981
      },
      "value": {
        "2": 0.021383317187428474,
        "3": 0.006235560402274132,
        "4": 0.0017074516508728266,
        "6": 0.00014212963287718594,
        "8": 1.1260901374043897e-05
      }
    },
    "4": {
      "key": {
        "2": 0.3245607614517212,
        "3": 0.09556757658720016,
        "4": 0.026098472997546196,
        "6": 0.0021537160500884056,
        "8": 0.00017066783038899302
      },
      "value": {
        "2": 0.021677250042557716,
        "3": 0.006282453425228596,
        "4": 0.0017203254392370582,
        "6": 0.00014406978152692318,
        "8": 1.1430905942688696e-05
      }
    },
    "5": {
      "key": {
        "2": 0.29181361198425293,
        "3": 0.08532427251338959,
        "4": 0.023348838090896606,
        "6": 0.0019648270681500435,
        "8": 0.00015610789705533534
      },
      "value": {
        "2": 0.029193902388215065,
        "3": 0.008516482077538967,
        "4": 0.0023235531989485025,
        "6": 0.00019499004702083766,
        "8": 1.548873660794925e-05
      }
    },
    "6": {
      "key": {
        "2": 0.3301628530025482,
        "3": 0.09641417860984802,
        "4": 0.026419389992952347,
        "6": 0.0022354654502123594,
        "8": 0.00017796469910535961
      },
      "value": {
        "2": 0.03687949851155281,
        "3": 0.01074112206697464,
        "4": 0.0029757439624518156,
        "6": 0.0002468602324370295,
        "8": 1.9608436559792608e-05
      }
    },
    "7": {
      "key": {
        "2": 0.29346963763237,
        "3": 0.0859021246433258,
        "4": 0.02371644228696823,
        "6": 0.002026727655902505,
        "8": 0.0001614174252608791
      },
      "value": {
        "2": 0.05019785091280937,
        "3": 0.014892414212226868,
        "4": 0.004084917716681957,
        "6": 0.0003299439267721027,
        "8": 2.6117613742826506e-05
      }
    },
    "8": {
      "key": {
        "2": 0.2917468845844269,
        "3": 0.08544431626796722,
        "4": 0.02335396595299244,
        "6": 0.00198697904124856,
        "8": 0.00015800641267560422
      },
      "value": {
        "2": 0.04073397442698479,
        "3": 0.012008910067379475,
        "4": 0.0032499332446604967,
        "6": 0.00026576995151117444,
        "8": 2.1002557332394645e-05
      }
    },
    "9": {
      "key": {
        "2": 0.2995811104774475,
        "3": 0.08688682317733765,
        "4": 0.02388099581003189,
        "6": 0.002026316476985812,
        "8": 0.00016112253069877625
      },
      "value": {
        "2": 0.030470654368400574,
        "3": 0.008898147381842136,
        "4": 0.002445952733978629,
        "6": 0.0002073140349239111,
        "8": 1.6500180208822712e-05
      }
    },
    "10": {
      "key": {
        "2": 0.2906785309314728,
        "3": 0.085072822868824,
        "4": 0.023276139050722122,
        "6": 0.001978185959160328,
        "8": 0.00015739072114229202
      },
      "value": {
        "2": 0.05316609516739845,
        "3": 0.015623820945620537,
        "4": 0.004302383866161108,
        "6": 0.0003529891837388277,
        "8": 2.7939586288994178e-05
      }
    },
    "11": {
      "key": {
        "2": 0.3237348794937134,
        "3": 0.09587758779525757,
        "4": 0.02629188634455204,
        "6": 0.0021501723676919937,
        "8": 0.00017072423361241817
      },
      "value": {
        "2": 0.0551060289144516,
        "3": 0.01607455126941204,
        "4": 0.0043891980312764645,
        "6": 0.00037144767702557147,
        "8": 2.9505979910027236e-05
      }
    },
    "12": {
      "key": {
        "2": 0.3372642993927002,
        "3": 0.097725510597229,
        "4": 0.026818612590432167,
        "6": 0.0022810804657638073,
        "8": 0.000181146155227907
      },
      "value": {
        "2": 0.0575023852288723,
        "3": 0.016858043149113655,
        "4": 0.00460340641438961,
        "6": 0.0003884910838678479,
        "8": 3.08253729599528e-05
      }
    },
    "13": {
      "key": {
        "2": 0.34975361824035645,
        "3": 0.10232431441545486,
        "4": 0.028227437287569046,
        "6": 0.0023705074563622475,
        "8": 0.00018849485786631703
      },
      "value": {
        "2": 0.05455327406525612,
        "3": 0.016185477375984192,
        "4": 0.0044311946257948875,
        "6": 0.0003609670966397971,
        "8": 2.862173641915433e-05
      }
    },
    "14": {
      "key": {
        "2": 0.39936843514442444,
        "3": 0.11781856417655945,
        "4": 0.0320592075586319,
        "6": 0.0025764114689081907,
        "8": 0.00020277165458537638
      },
      "value": {
        "2": 0.05634959414601326,
        "3": 0.016671696677803993,
        "4": 0.004651676397770643,
        "6": 0.0003770251350942999,
        "8": 2.9904003895353526e-05
      }
    },
    "15": {
      "key": {
        "2": 0.36901214718818665,
        "3": 0.1090817078948021,
        "4": 0.029824823141098022,
        "6": 0.0024109508376568556,
        "8": 0.0001904394885059446
      },
      "value": {
        "2": 0.07278840988874435,
        "3": 0.021286167204380035,
        "4": 0.005829220172017813,
        "6": 0.0004915836034342647,
        "8": 3.9085341995814815e-05
      }
    },
    "16": {
      "key": {
        "2": 0.48583120107650757,
        "3": 0.14576244354248047,
        "4": 0.04115063697099686,
        "6": 0.00322295306250453,
        "8": 0.00025397585704922676
      },
      "value": {
        "2": 0.0478372760117054,
        "3": 0.014032026752829552,
        "4": 0.0038711908273398876,
        "6": 0.00032108541927300394,
        "8": 2.5462031771894544e-05
      }
    },
    "17": {
      "key": {
        "2": 0.31097304821014404,
        "3": 0.0914832204580307,
        "4": 0.02520904876291752,
        "6": 0.002087818691506982,
        "8": 0.0001656808308325708
      },
      "value": {
        "2": 0.08149485290050507,
        "3": 0.023791929706931114,
        "4": 0.006528439931571484,
        "6": 0.0005498931859619915,
        "8": 4.3663803808158264e-05
      }
    },
    "18": {
      "key": {
        "2": 0.8694441914558411,
        "3": 0.2752094566822052,
        "4": 0.0759904757142067,
        "6": 0.005892846267670393,
        "8": 0.00046866910997778177
      },