{
  "ablation": "sample_count",
  "results": [
    {
      "n_samples": 4,
      "seed": 42,
      "ppl": 7.976673982696684,
      "allocation": {
        "35": [
          4,
          4
        ],
        "34": [
          4,
          4
        ],
        "33": [
          4,
          6
        ],
        "32": [
          4,
          6
        ],
        "31": [
          4,
          4
        ],
        "30": [
          4,
          4
        ],
        "29": [
          6,
          4
        ],
        "28": [
          4,
          4
        ],
        "27": [
          6,
          4
        ],
        "26": [
          4,
          4
        ],
        "25": [
          4,
          4
        ],
        "24": [
          4,
          3
        ],
        "23": [
          4,
          4
        ],
        "22": [
          4,
          4
        ],
        "21": [
          4,
          4
        ],
        "20": [
          6,
          4
        ],
        "19": [
          6,
          4
        ],
        "18": [
          6,
          4
        ],
        "17": [
          4,
          4
        ],
        "16": [
          4,
          3
        ],
        "15": [
          6,
          3
        ],
        "14": [
          4,
          3
        ],
        "13": [
          4,
          3
        ],
        "12": [
          4,
          3
        ],
        "11": [
          4,
          3
        ],
        "10": [
          4,
          3
        ],
        "9": [
          4,
          2
        ],
        "8": [
          4,
          3
        ],
        "7": [
          4,
          3
        ],
        "6": [
          4,
          3
        ],
        "5": [
          4,
          3
        ],
        "4": [
          4,
          2
        ],
        "3": [
          4,
          2
        ],
        "2": [
          6,
          2
        ],
        "1": [
          6,
          2
        ],
        "0": [
          8,
          2
        ]
      },
      "profile_time_sec": 21.181153059005737
    },
    {
      "n_samples": 8,
      "seed": 42,
      "ppl": 7.967744930457672,
      "allocation": {
        "35": [
          4,
          4
        ],
        "34": [
          4,
          4
        ],
        "33": [
          4,
          6
        ],
        "32": [
          4,
          6
        ],
        "31": [
          4,
          4
        ],
        "30": [
          4,
          4
        ],
        "29": [
          6,
          4
        ],
        "28": [
          4,
          4
        ],
        "27": [
          6,
          4
        ],
        "26": [
          4,
          4
        ],
        "25": [
          4,
          4
        ],
        "24": [
          4,
          3
        ],
        "23": [
          4,
          4
        ],
        "22": [
          4,
          4
        ],
        "21": [
          4,
          4
        ],
        "20": [
          6,
          4
        ],
        "19": [
          6,
          4
        ],
        "18": [
          6,
          4
        ],
        "17": [
          4,
          3
        ],
        "16": [
          4,
          3
        ],
        "15": [
          6,
          3
        ],
        "14": [
          4,
          3
        ],
        "13": [
          4,
          3
        ],
        "12": [
          4,
          3
        ],
        "11": [
          4,
          3
        ],
        "10": [
          4,
          3
        ],
        "9": [
          4,
          3
        ],
        "8": [
          4,
          3
        ],
        "7": [
          4,
          3
        ],
        "6": [
          4,
          3
        ],
        "5": [
          4,
          3
        ],
        "4": [
          4,
          2
        ],
        "3": [
          4,
          2
        ],
        "2": [
          6,
          2
        ],
        "1": [
          6,
          2
        ],
        "0": [
          8,
          2
        ]
      },
      "profile_time_sec": 28.53939390182495
    },
    {
      "n_samples": 16,
      "seed": 42,
      "ppl": 7.961373156127389,
      "allocation": {
        "35": [
          4,
          4
        ],
        "34": [
          4,
          4
        ],
        "33": [
          4,
          6
        ],
        "32": [
          4,
          6
        ],
        "31": [
          4,
          4
        ],
        "30": [
          4,
          4
        ],
        "29": [
          6,
          4
        ],
        "28": [
          4,
          4
        ],
        "27": [
          6,
          4
        ],
        "26": [
          4,
          4
        ],
        "25": [
          4,
          4
        ],
        "24": [
          4,
          3
        ],
        "23": [
          4,
          3
        ],
        "22": [
          4,
          4
        ],
        "21": [
          4,
          4
        ],
        "20": [
          6,
          4
        ],
        "19": [
          6,
          4
        ],
        "18": [
          6,
          3
        ],
        "17": [
          4,
          3
        ],
        "16": [
          6,
          3
        ],
        "15": [
          6,
          3
        ],
        "14": [
          4,
          3
        ],
        "13": [
          4,
          3
        ],
        "12": [
          4,
          3
        ],
        "11": [
          4,
          3
        ],
        "10": [
          4,
          3
        ],
        "9": [
          4,
          3
        ],
        "8": [
          4,
          3
        ],
        "7": [
          4,
          3
        ],
        "6": [
          4,
          3
        ],
        "5": [
          4,
          3
        ],
        "4": [
          4,
          2
        ],
        "3": [
          4,
          2
        ],
        "2": [
          6,
          2
        ],
        "1": [
          6,
          2
        ],
        "0": [
          8,
          2
        ]
      },
      "profile_time_sec": 53.725871562957764
    },
    {
      "n_samples": 32,
      "seed": 42,
      "ppl": 7.967744930457672,
      "allocation": {
        "35": [
          4,
          4
        ],
        "34": [
          4,
          4
        ],
        "33": [
          4,
          6
        ],
        "32": [
          4,
          6
        ],
        "31": [
          4,
          4
        ],
        "30": [
          4,
          4
        ],
        "29": [
          6,
          4
        ],
        "28": [
          4,
          4
        ],
        "27": [
          6,
          4
        ],
        "26": [
          4,
          4
        ],
        "25": [
          4,
          4
        ],
        "24": [
          4,
          3
        ],
        "23": [
          4,
          4
        ],
        "22": [
          4,
          4
        ],
        "21": [
          4,
          4
        ],
        "20": [
          6,
          4
        ],
        "19": [
          6,
          4
        ],
        "18": [
          6,
          4
        ],
        "17": [
          4,
          3
        ],
        "16": [
          4,
          3
        ],
        "15": [
          6,
          3
        ],
        "14": [
          4,
          3
        ],
        "13": [
          4,
          3
        ],
        "12": [
          4,
          3
        ],
        "11": [
          4,
          3
        ],
        "10": [
          4,
          3
        ],
        "9": [
          4,
          3
        ],
        "8": [
          4,
          3
        ],
        "7": [
          4,
          3
        ],
        "6": [
          4,
          3
        ],
        "5": [
          4,
          3
        ],
        "4": [
          4,
          2
        ],
        "3": [
          4,
          2
        ],
        "2": [
          6,
          2
        ],